任務摘要欄位,期限,接收者,必要內容,交付形式,待確認事項,檔案版本,備註
任務摘要,明日 15:00 前,工作室老闆,活動目的；目標對象；3 點構想；預算摘要；資料來源,一頁式文件＋受限雲端連結,活動地點待主管確認,v02,交辦卡為課程虛構素材
,,,,,,,
階段,輸入資料,資料分類,實際動作,免費工具,輸出檔案,完成檢核點,判斷理由／修改紀錄
蒐集,主管交辦卡；搜尋問題：CH2 待完成,可上傳,找至少兩個可追溯來源,Google 搜尋,來源紀錄表,每筆都有發布者、日期、連結,搜尋問題將在 CH2 根據任務摘要寫完
判讀,來源紀錄表,可上傳,比對發布者、日期與原始主張,Google 文件,已採信來源摘要（含採信／排除標記）,每筆都有判斷理由,排除時保留原因才能回查
產製,已採信來源摘要（含採信／排除標記）,可上傳,依限制產出初稿,免費 AI 或固定輸出,AI 任務紀錄（初稿＋待查標記）,至少三項人工查證標記,無 AI 帳號可使用課程固定輸出
分析,課程虛構成本資料,可上傳,整理公式、排序、篩選與圖表,Google 試算表,預算分析表,範圍、單位與圖表一致,檢核句改成可觀察條件
交付,AI 任務紀錄（初稿＋待查標記）＋預算分析表,可上傳,整理一頁式文件並標來源,Google 文件,一頁式工作文件（文字、圖表、來源）,所有主張與數字可回查,刪除 Canva；本任務未要求圖卡或海報
分享,一頁式工作文件＋預算分析表,可上傳,設定最小必要權限並驗證,Google Drive,分享連結與交付紀錄,指定接收者可開啟且無多餘權限,用不同視窗或受邀帳號實測開啟
