案例,輸入資料／動作,測試條件,預期答案（操作前填）,觀察結果（操作後填）,狀態,工具檔名／版本,實際執行方式（學員生成／參考品）,修復指令,修復後再測結果
計時器正常,自製計時器,10秒開始，約3秒後暫停；等待2秒後重設,約剩7秒；等待時不變；重設回10秒,,待測,,,,
計時器例外,自製計時器,依序輸入空值、0、負數或小數,每種無效值都阻止開始並提示；時間不變,,待測,,,,
計時器修復,重複按開始會加速時的 v2,以10秒倒數快速按兩次開始，再暫停與重設,同時只有一個倒數；暫停及重設正常,,待測,,,,
預算正常,budget-normal.csv；核定30000,匯入標準資料,估算26000；實支27800；差異1800；餘額2200,,待測,,,,
預算變更,budget-normal.csv；餐點數量40→45,單價與實支不動,估算26750；實支27800；差異1050；餘額2200,,待測,,,,
預算例外,budget-invalid.csv,匯入缺值／負數資料,拒絕無效資料並保留原明細；修正後恢復計算,,待測,,,,
KPI正常,kpi-normal.csv,方向 higher/lower；來源與單位完整,件數達標；處理時間未達標；錯誤率達標,,待測,,,,
KPI變更與備份,原始時間5天改為2天；department-kpi-backup.json,修改後匯出 CSV/PDF，再匯入備份,2天已達標，較上期4天縮短50%；還原後為120件、5天、1%,,待測,,,,
KPI例外,kpi-exceptions.csv,上期為0、實際缺值、目標與實際皆為0,變化不可計算；缺值待確認；零目標仍依方向判斷,,待測,,,,
交辦 A,meeting-a.txt,辨識確定任務、未知期限、提議與取消,兩項有效待辦；陳期限待確認；task_id非空且唯一,,待測,,,,
交辦 B,meeting-b.txt,更新責任人／期限；辨識完成、提議、取消,三項有效待辦；海報為王／2026-10-13；task_id非空且唯一,,待測,,,,
交辦 JSON 備份,自製 Build 應用,匯出後修改資料、重新匯入；再匯入無效 JSON,有效 JSON 還原所有列；無效 JSON 保留既有資料並提示,,待測,,,,
Build 專案重開,專案書籤,關閉分頁後重開同一專案並執行 A,專案標題與預覽回來；A 再次得到兩項有效交辦,,待測,,,,
Capstone 預算,budget-transfer.csv；核定25000,測新資料，再將講師實支改為11200,新資料餘額3700不提醒；改後餘額2000，低餘額提醒開啟,,待測,,,,
Capstone KPI,kpi-normal.csv；處理時間5天改2天,新增未達標且不利差距至少20%的優先提示,5天/目標3天：不利差距66.7%，顯示優先處理；2天達標且提示清除,,待測,,,,
Capstone AI 前置任務,meeting-a.txt、meeting-b.txt、meeting-c.txt,新增 depends_on，只按明確原文填寫,A/B 無明確依賴則為空；C 的安排印刷依賴品牌定稿,,待測,,,,
