案例,輸入資料／動作,測試條件,預期答案（操作前填）,觀察結果（操作後填）,狀態,工具檔名／版本,實際執行方式（學員生成／參考品）,修復指令,修復後再測結果
第一章：空白設定,snake-v1.html,未填初始蛇長、方向、分數或增長格數就開始,指出缺項且不開始,,待測,,,,
第一章：正常計分,snake-v1.html,蛇長3、向右、食物10分、增長1格；吃到第一個食物,分數10；蛇長4格,,待測,,,,
第一章：碰撞與重開,snake-v1.html,撞牆後重新開始,結束時停止移動；重開依玩家設定，分數歸零,,待測,,,,
第一章：修改後原功能,snake-v2.html,換另一組配色，再開始、吃食物、碰撞與重開,新配色成立；原玩法與計分依設定成立,,待測,,,,
第三章：A原規則,schedule-practice.txt案例A,四人、三日、兩班種、每班1人；每人總上限2,六班全滿；可排日、同日一班與上限均成立；班數2/2/1/1,,待測,,,,
第三章：A衝突,案例A修改可排日,週三只保留安可以排，其餘三人不可排,最多五班；週三一班缺額，說明原因,,待測,,,,
第三章：B換資料,schedule-practice.txt案例B,五人、兩日、三班種；每班1人；總上限2,六個需求全滿；班數2/1/1/1/1；不同名稱與班種正常,,待測,,,,
第三章：總上限零,A或B,總班數上限改0,無人被安排；保留缺額與原因,,待測,,,,
第三章：改輸入,已生成結果的工具,修改日期、班種或需要人數,清除舊結果；重新產生前不能匯出舊班表,,待測,,,,
第四章：關閉新增規則,schedule-v2.html還原A,關閉指定班種限制,原規則仍成立；六班可全滿,,待測,,,,
第四章：A新規則,schedule-v2.html還原A,啟用；指定早班；每人上限1,六班全滿；三個早班由三人負責；總班數2/2/1/1,,待測,,,,
第四章：B新規則,schedule-v2.html還原B,啟用；指定收尾；每人上限1,六個需求全滿；兩日收尾由不同人負責,,待測,,,,
第四章：班種上限零,schedule-v2.html還原B,啟用；指定收尾；上限0,兩個收尾名額空缺；其他四個需求可滿,,待測,,,,
第四章：刪除班種,schedule-v2.html,刪除目前指定的班種,提示重新選擇；未完成前不排班,,待測,,,,
第四章：新舊備份,自己的v1、v2備份,分別還原舊版和新版資料,舊版新規則關閉；新版還原開關、指定班種及上限,,待測,,,,
第五章：只靠文件重開,README和自己的A/B備份,關閉後從工具資料夾重開；分別還原A/B,人員、日期、班種、可排日、原上限與新設定皆正確；原／新條件重測成立,,待測,,,,
第五章：無效備份,roster-invalid.json,在已有B輸入時嘗試還原錯誤檔,拒絕並保留B完整輸入；重新產生仍有效,,待測,,,,
第五章：交付檢查,自己的成果資料夾,核對檔案與README,目前工具、資料、指令、報告、驗收與歷史版本齊全；未測條件明列,,待測,,,,
第二章：單一計算變因,預算參考工具或自己的生成版,餐點40改45、其他不動,估算26750、實支27800、差異1050、餘額2200,,待測,,,,
第二章：多條件提醒,請款初檢工具,設備6200、無憑證/主管確認/資產標籤；門檻5000,三項同時提醒；只勾憑證則剩兩項；金額0停止正常判斷,,待測,,,,
第四章：預算低餘額A/B,預算修改版與budget-normal.csv,核定30000；門檻3000再改2200,餘額2200；先提醒、等於門檻時不提醒；原合計不變,,待測,,,,
第四章：預算新舊備份,自己的預算v1/v2備份,新備份保存開關門檻、舊備份載入、錯誤檔測試,新版設定復原；舊版新提醒關閉；错误檔保留現在資料,,待測,,,,
第五章：跨工具CSV清理A,PG01 input-a.csv/cases.txt,record_id唯一鍵及A必填/數字設定,2有效4待修正；合計6；全部原列及原因保留,,待測,,,,
第五章：跨工具CSV清理B,PG01 input-b.csv/cases.txt,case_no唯一鍵及B新欄位/規則,3有效1待修正；合計4；不沿用A欄名,,待測,,,,
第五章：CSV往返與例外,自己下載的兩份CSV,文字含逗號/引號/換行，修正錯誤數字，再新增重複鍵,欄位對齊、值保留；修復後有效/待修正列數正確,,待測,,,,
第五章：跨工具交付,CSV清理工具與README,關閉重開，只靠文件設定A/B及匯入,兩份原始資料與有效/待修正輸出、方法、實測紀錄齊全,,待測,,,,
